Name,Website
FreeCodeCamp,https://www.youtube.com/channel/UC8butISFwT-Wl7EV0hUK0BQ
Fireship,https://www.youtube.com/channel/UCsBjURrPoezykLs9EqgamOA
The Net Ninja,https://www.youtube.com/channel/UCW5YeuERMmlnqo4oq8vwUpg
William Candillon,https://www.youtube.com/channel/UC806fwFWpiLQV5y-qifzHnA
Google Developers,https://www.youtube.com/channel/UC_x5XG1OV2P6uZZ5FSM9Ttw
Google Chrome Developers,https://www.youtube.com/user/ChromeDevelopers
Traversy Media,https://www.youtube.com/channel/UC29ju8bIPH5as8OGnQzwJyA
Wes Bos,https://www.youtube.com/channel/UCoebwHSTvwalADTJhps0emA
Low Level JavaScript,https://www.youtube.com/channel/UC56l7uZA209tlPTVOJiJ8Tw
The Coding Train,https://www.youtube.com/channel/UCvjgXvBlbQiydffZU7m1_aw