Name,Profile
Andrei Neagoie,https://medium.com/@andreineagoie
JavaScript Teacher,https://medium.com/@js_tut
JavaScripting,https://medium.com/@javascripting
DailyJS,https://medium.com/dailyjs
Jennifer Fu,https://medium.com/@jenniferfubook
JavaScript Scene,https://medium.com/javascript-scene
Eric Elliot,https://medium.com/@_ericelliott
NodeJS,https://medium.com/@nodejs
NPM,https://medium.com/@npmjs
Better Programming,https://medium.com/better-programming
HackerNoon,https://medium.com/hackernoon
Netflix,https://medium.com/@NetflixTechBlog
Charlotte Bone,https://medium.com/@charlotte.bone